n_layers,n_hidden_0,lr,p_dropout,n_hidden_1
1,2,0.006348243270946396,0.08455541828126772,
2,9,0.004062342974817012,0.14593803408531658,7.0
2,9,0.004062342974817012,0.14593803408531658,7.0
1,2,0.006348243270946396,0.08455541828126772,
2,9,0.004062342974817012,0.14593803408531658,7.0
