n_layers,n_hidden_0,lr,p_dropout,n_hidden_1
1,2,0.030583409290344768,0.1360836874069732,
2,9,0.01091664221659231,0.2398957033927591,8.0
2,9,0.004062342974817012,0.14593803408531658,7.0
1,4,0.012609277673881317,0.1967160248930736,
1,2,0.006348243270946396,0.08455541828126772,
