n_layers,n_hidden_0,n_hidden_1,lr,p_dropout
2,9,4.0,0.008258405357763059,0.1746155360380015
1,2,,0.006348243270946396,0.08455541828126772
2,9,7.0,0.004062342974817012,0.14593803408531658
2,9,7.0,0.004062342974817012,0.14593803408531658
2,9,7.0,0.004062342974817012,0.14593803408531658
