n_layers,n_hidden_0,n_hidden_1,lr,p_dropout
2,4,7.0,0.02522897036876743,0.11754176532482742
2,9,7.0,0.004062342974817012,0.14593803408531658
1,10,,0.006358675552557304,0.14834191461963642
2,9,7.0,0.004062342974817012,0.14593803408531658
1,2,,0.006348243270946396,0.08455541828126772
