n_layers,n_hidden_0,lr,p_dropout,n_hidden_1
1,9,0.002818174081779952,0.2042468053221385,
2,9,0.004062342974817012,0.14593803408531658,7.0
1,2,0.014833164844340075,0.12246353109882858,
1,4,0.029949779584637626,0.14920784241740706,
2,10,0.002639435219375786,0.3179784669212757,9.0
