n_layers,n_hidden_0,lr,p_dropout,n_hidden_1
1,9,0.002818174081779952,0.2042468053221385,
1,6,0.013731585836818811,0.18214058870020947,
1,4,0.005535197576620344,0.10720705810322473,
1,6,0.026140582038917844,0.10763144339945468,
2,3,0.008510545955401311,0.11634816173874878,6.0
