n_layers,n_hidden_0,lr,p_dropout,n_hidden_1
1,5,0.011087144456759387,0.1955278485758927,
2,9,0.004062342974817012,0.14593803408531658,7.0
2,9,0.004062342974817012,0.14593803408531658,7.0
2,2,0.009209881090730263,0.09810478280409181,8.0
1,4,0.005535197576620344,0.10720705810322473,
