n_layers,n_hidden_0,lr,p_dropout,n_hidden_1
1,10,0.012491901743233424,0.2275533773350348,
2,9,0.004062342974817012,0.14593803408531658,7.0
2,9,0.004062342974817012,0.14593803408531658,7.0
1,5,0.02083032879348407,0.1093648146737296,
2,9,0.004062342974817012,0.14593803408531658,7.0
