n_layers,n_hidden_0,n_hidden_1,lr,p_dropout
2,9,7.0,0.004062342974817012,0.14593803408531658
1,2,,0.006348243270946396,0.08455541828126772
1,7,,0.04134033700446172,0.1258794949222972
1,3,,0.021727864531764954,0.10669721556726008
1,2,,0.006348243270946396,0.08455541828126772
