n_layers,n_hidden_0,n_hidden_1,lr,p_dropout
2,1,7,0.005546505049361992,0.2492535061512952
