n_layers,n_hidden_0,n_hidden_1,lr,p_dropout
2,9,1,0.002659102555728029,0.041619104365003476
