n_layers,n_hidden_0,n_hidden_1,n_hidden_2,n_hidden_3,lr,p_dropout
4,1,13,15,10,1.330403037148823e-05,0.13864400533173676
4,4,2,14,20,1.0465050577940388e-06,0.3585345843700436
4,1,13,15,10,1.330403037148823e-05,0.13864400533173676
4,1,13,15,10,1.330403037148823e-05,0.13864400533173676
4,1,13,15,10,1.330403037148823e-05,0.13864400533173676
