n_layers,n_hidden_0,n_hidden_1,n_hidden_2,n_hidden_3,n_hidden_4,lr,p_dropout
5,13,15,6.0,19.0,15.0,0.0005160857172325047,0.09951903332106887
4,7,17,8.0,2.0,,0.0022799041673755337,0.05700912767217298
2,2,9,,,,0.01663240638230072,0.0392823397808962
5,13,20,2.0,19.0,13.0,0.012252682679772961,0.042249343981345354
5,14,8,5.0,17.0,7.0,0.0008464207232766909,0.09495949037414926
