n_layers,n_hidden_0,n_hidden_1,n_hidden_2,lr,p_dropout
3,6,19.0,15.0,0.0005160857172325047,0.07108502380076348
3,6,19.0,15.0,0.0005160857172325047,0.07108502380076348
2,14,13.0,,0.01061979135095781,0.26082357619681706
1,13,,,0.0005469287832266758,0.40964349783503434
2,6,18.0,,0.0007598418292298278,0.28397638852124896
