n_layers,n_hidden_0,n_hidden_1,n_hidden_2,n_hidden_3,lr,p_dropout
4,11,7.0,6.0,10.0,0.0017304354212705647,0.056750885811648374
3,5,5.0,11.0,,0.0025250201698481635,0.05549206881768058
1,9,,,,0.0011369101789597208,0.05371205596399699
1,13,,,,0.001208558036100366,0.12089037539361522
1,3,,,,0.0017555373398131246,0.04822664564567394
