n_layers,n_hidden_0,lr,p_dropout,n_hidden_1,n_hidden_2
1,9,0.003204349741667915,0.21708186539608784,,
3,8,0.0049913269484494005,0.038109335733375244,5.0,6.0
1,8,0.0015860483983813631,0.0727183569427558,,
1,11,0.0013527974428913187,0.10607335818982724,,
1,15,0.0017521751507552721,0.0638304923508366,,
