n_layers,n_hidden_0,n_hidden_1,n_hidden_2,lr,p_dropout,n_hidden_3,n_hidden_4
3,2,16,5.0,0.0020066750935836624,0.011037246653880003,,
2,18,7,,0.002280068887782198,0.16799161066728197,,
5,13,15,6.0,0.0005160857172325047,0.09951903332106887,19.0,15.0
5,5,14,4.0,0.0016881311933750146,0.022917076244880277,16.0,4.0
4,5,18,4.0,0.0023361878635436797,0.16322106404441072,19.0,
